Open,High,Low,Close,Volume,Date
0.34,0.34,0.34,0.34,1010000,2012-01-02
0.34,0.34,0.34,0.34,1340000,2012-01-03
0.34,0.345,0.34,0.345,1610000,2012-01-04
0.35,0.35,0.345,0.35,1110000,2012-01-05
0.355,0.36,0.355,0.355,3270000,2012-01-06
0.35,0.365,0.35,0.365,6460000,2012-01-09
0.365,0.375,0.365,0.365,6420000,2012-01-10
0.36,0.37,0.355,0.355,3860000,2012-01-11
0.355,0.36,0.355,0.355,560000,2012-01-12
0.355,0.36,0.355,0.355,3740000,2012-01-13
0.355,0.36,0.35,0.355,790000,2012-01-16
0.36,0.36,0.355,0.36,4580000,2012-01-17
0.36,0.36,0.355,0.355,4020000,2012-01-18
0.36,0.36,0.355,0.355,530000,2012-01-19
0.36,0.365,0.36,0.365,4110000,2012-01-20
0.36,0.365,0.36,0.36,200000,2012-01-24
0.365,0.37,0.365,0.37,510000,2012-01-25
0.37,0.38,0.37,0.37,9900000,2012-01-26
0.375,0.375,0.37,0.37,430000,2012-01-27
0.37,0.37,0.365,0.365,1620000,2012-01-30
0.36,0.365,0.36,0.365,1570000,2012-01-31
0.365,0.365,0.365,0.365,50000,2012-02-01
0.37,0.38,0.37,0.37,7580000,2012-02-02
0.37,0.38,0.37,0.375,1670000,2012-02-03
0.37,0.375,0.37,0.375,2760000,2012-02-06
0.375,0.375,0.37,0.37,2220000,2012-02-07
0.37,0.375,0.35,0.37,13770000,2012-02-08
0.38,0.41,0.375,0.39,141520000,2012-02-09
0.4,0.42,0.385,0.385,22600000,2012-02-10
0.385,0.39,0.375,0.385,9560000,2012-02-13
0.385,0.395,0.375,0.39,11780000,2012-02-14
0.39,0.39,0.38,0.38,3200000,2012-02-15
0.39,0.39,0.375,0.375,3240000,2012-02-16
0.375,0.405,0.375,0.385,6160000,2012-02-17
0.385,0.385,0.38,0.38,1920000,2012-02-20
0.38,0.38,0.375,0.375,3330000,2012-02-21
0.39,0.39,0.38,0.385,5570000,2012-02-22
0.38,0.38,0.38,0.38,1780000,2012-02-23
0.39,0.39,0.37,0.37,3090000,2012-02-24
0.37,0.37,0.365,0.37,1970000,2012-02-27
0.375,0.38,0.375,0.375,720000,2012-02-28
0.375,0.375,0.375,0.375,1570000,2012-02-29
0.375,0.375,0.375,0.375,180000,2012-03-01
0.37,0.375,0.37,0.37,790000,2012-03-02
0.37,0.37,0.37,0.37,950000,2012-03-05
0.375,0.375,0.365,0.365,910000,2012-03-06
0.365,0.37,0.365,0.365,1780000,2012-03-07
0.365,0.37,0.365,0.37,200000,2012-03-08
0.37,0.37,0.365,0.365,950000,2012-03-09
0.365,0.37,0.36,0.37,1410000,2012-03-12
0.36,0.36,0.35,0.36,3300000,2012-03-13
0.36,0.36,0.335,0.345,23130000,2012-03-14
0.345,0.36,0.345,0.36,2920000,2012-03-15
0.365,0.375,0.36,0.37,12680000,2012-03-16
0.375,0.375,0.365,0.365,2330000,2012-03-19
0.37,0.37,0.365,0.365,1850000,2012-03-20
0.365,0.38,0.365,0.38,9250000,2012-03-21
0.38,0.38,0.37,0.37,700000,2012-03-22
0.375,0.375,0.37,0.37,1740000,2012-03-23
0.37,0.37,0.35,0.35,8340000,2012-03-26
0.36,0.36,0.35,0.36,1030000,2012-03-27
0.36,0.365,0.36,0.365,120000,2012-03-28
0.365,0.365,0.355,0.36,830000,2012-03-29
0.36,0.36,0.355,0.355,3130000,2012-03-30
0.35,0.355,0.35,0.355,730000,2012-04-02
0.355,0.355,0.355,0.355,150000,2012-04-03
0.355,0.355,0.355,0.355,200000,2012-04-04
0.355,0.355,0.355,0.355,800000,2012-04-10
0.355,0.355,0.35,0.35,1030000,2012-04-11
0.35,0.36,0.35,0.36,540000,2012-04-12
0.36,0.36,0.35,0.35,2830000,2012-04-13
0.35,0.35,0.35,0.35,260000,2012-04-16
0.355,0.355,0.35,0.35,210000,2012-04-17
0.35,0.35,0.35,0.35,3640000,2012-04-18
0.35,0.35,0.35,0.35,570000,2012-04-19
0.35,0.35,0.35,0.35,550000,2012-04-20
0.355,0.355,0.35,0.35,1400000,2012-04-23
0.35,0.35,0.35,0.35,690000,2012-04-24
0.36,0.36,0.36,0.36,500000,2012-04-25
0.35,0.35,0.35,0.35,500000,2012-04-26
0.36,0.365,0.36,0.36,980000,2012-04-27
0.355,0.355,0.355,0.355,1500000,2012-05-02
0.355,0.36,0.355,0.36,700000,2012-05-03
0.35,0.35,0.35,0.35,2650000,2012-05-04
0.35,0.35,0.35,0.35,1120000,2012-05-08
0.35,0.355,0.35,0.355,1010000,2012-05-09
0.35,0.35,0.35,0.35,1180000,2012-05-10
0.35,0.35,0.345,0.345,900000,2012-05-11
0.34,0.34,0.34,0.34,900000,2012-05-14
0.345,0.345,0.34,0.34,450000,2012-05-15
0.325,0.325,0.31,0.31,2600000,2012-05-16
0.31,0.32,0.31,0.32,860000,2012-05-17
0.33,0.33,0.32,0.33,1800000,2012-05-18
0.33,0.33,0.32,0.32,20000,2012-05-21
0.325,0.325,0.325,0.325,100000,2012-05-22
0.32,0.32,0.32,0.32,570000,2012-05-24
0.32,0.32,0.32,0.32,30000,2012-05-25
0.32,0.325,0.32,0.32,520000,2012-05-28
0.32,0.32,0.32,0.32,520000,2012-05-29
0.32,0.32,0.32,0.32,1600000,2012-05-30
0.315,0.315,0.315,0.315,100000,2012-05-31
0.325,0.325,0.32,0.32,1460000,2012-06-01
0.32,0.32,0.32,0.32,620000,2012-06-05
0.32,0.32,0.32,0.32,240000,2012-06-07
0.325,0.325,0.325,0.325,1210000,2012-06-08
0.325,0.325,0.325,0.325,100000,2012-06-11
0.32,0.32,0.32,0.32,530000,2012-06-14
0.32,0.32,0.32,0.32,10000,2012-06-15
0.31,0.32,0.3,0.315,3430000,2012-06-18
0.325,0.325,0.32,0.32,670000,2012-06-19
0.32,0.32,0.32,0.32,50000,2012-06-20
0.32,0.32,0.32,0.32,680000,2012-06-21
0.32,0.32,0.32,0.32,10000,2012-06-22
0.32,0.32,0.32,0.32,130000,2012-06-25
0.32,0.32,0.32,0.32,310000,2012-06-26
0.33,0.34,0.32,0.34,1610000,2012-06-27
0.325,0.325,0.325,0.325,220000,2012-06-28
0.33,0.345,0.33,0.345,1200000,2012-06-29
0.345,0.345,0.34,0.34,400000,2012-07-02
0.34,0.34,0.34,0.34,300000,2012-07-04
0.34,0.345,0.34,0.345,980000,2012-07-05
0.35,0.365,0.34,0.34,10050000,2012-07-06
0.34,0.34,0.34,0.34,1580000,2012-07-09
0.335,0.335,0.335,0.335,200000,2012-07-10
0.34,0.34,0.34,0.34,300000,2012-07-12
0.345,0.345,0.345,0.345,410000,2012-07-13
0.34,0.34,0.34,0.34,350000,2012-07-16
0.34,0.34,0.34,0.34,80000,2012-07-17
0.34,0.34,0.335,0.335,600000,2012-07-18
0.34,0.34,0.33,0.33,1980000,2012-07-19
0.335,0.335,0.335,0.335,200000,2012-07-20
0.335,0.335,0.335,0.335,400000,2012-07-23
0.335,0.335,0.335,0.335,40000,2012-07-24
0.33,0.335,0.33,0.335,200000,2012-07-26
0.33,0.33,0.33,0.33,210000,2012-07-27
0.34,0.34,0.34,0.34,200000,2012-07-31
0.34,0.34,0.335,0.335,3750000,2012-08-01
0.33,0.335,0.33,0.33,230000,2012-08-02
0.33,0.33,0.33,0.33,820000,2012-08-03
0.33,0.33,0.33,0.33,2450000,2012-08-06
0.33,0.33,0.33,0.33,100000,2012-08-08
0.33,0.33,0.33,0.33,20000,2012-08-13
0.33,0.33,0.325,0.325,590000,2012-08-14
0.335,0.335,0.325,0.325,410000,2012-08-17
0.325,0.325,0.325,0.325,500000,2012-08-22
0.325,0.325,0.325,0.325,10000,2012-08-28
0.325,0.325,0.325,0.325,220000,2012-08-30
0.325,0.325,0.325,0.325,240000,2012-08-31
0.325,0.325,0.325,0.325,90000,2012-09-03
0.32,0.32,0.3,0.3,17070000,2012-09-04
0.305,0.305,0.305,0.305,40000,2012-09-05
0.305,0.305,0.305,0.305,20000,2012-09-06
0.31,0.32,0.31,0.315,1090000,2012-09-07
0.315,0.315,0.315,0.315,400000,2012-09-10
0.31,0.31,0.31,0.31,110000,2012-09-12
0.315,0.315,0.315,0.315,500000,2012-09-14
0.315,0.32,0.315,0.32,1090000,2012-09-17
0.32,0.325,0.315,0.315,13010000,2012-09-18
0.32,0.32,0.32,0.32,550000,2012-09-20
0.32,0.32,0.32,0.32,1740000,2012-09-21
0.315,0.325,0.315,0.325,1520000,2012-09-24
0.32,0.32,0.32,0.32,750000,2012-09-26
0.315,0.32,0.315,0.32,700000,2012-09-27
0.315,0.315,0.315,0.315,55130000,2012-09-28
0.315,0.32,0.315,0.32,101490000,2012-10-02
0.32,0.32,0.32,0.32,400000,2012-10-03
0.32,0.325,0.32,0.325,1080000,2012-10-04
0.33,0.33,0.33,0.33,1000000,2012-10-05
0.325,0.325,0.325,0.325,500000,2012-10-08
0.325,0.33,0.325,0.325,320000,2012-10-10
0.325,0.325,0.325,0.325,600000,2012-10-12
0.325,0.335,0.325,0.335,60000,2012-10-15
0.325,0.325,0.325,0.325,120000,2012-10-16
0.33,0.33,0.325,0.325,400000,2012-10-17
0.325,0.325,0.325,0.325,500000,2012-10-18
0.325,0.325,0.32,0.32,770000,2012-10-19
0.315,0.315,0.315,0.315,5080000,2012-10-22
0.315,0.33,0.31,0.325,7350000,2012-10-24
0.325,0.325,0.315,0.325,1640000,2012-10-25
0.33,0.33,0.325,0.325,670000,2012-10-29
0.325,0.325,0.325,0.325,500000,2012-10-30
0.325,0.33,0.325,0.325,450000,2012-10-31
0.32,0.32,0.32,0.32,300000,2012-11-05
0.325,0.325,0.325,0.325,1200000,2012-11-06
0.32,0.32,0.32,0.32,1840000,2012-11-07
0.32,0.33,0.315,0.33,1290000,2012-11-08
0.315,0.32,0.315,0.32,560000,2012-11-09
0.315,0.315,0.315,0.315,310000,2012-11-12
0.315,0.315,0.31,0.315,2010000,2012-11-13
0.315,0.315,0.315,0.315,2000000,2012-11-15
0.315,0.315,0.305,0.305,2310000,2012-11-19
0.31,0.31,0.31,0.31,800000,2012-11-20
0.305,0.31,0.305,0.31,2240000,2012-11-21
0.33,0.33,0.305,0.305,830000,2012-11-22
0.305,0.315,0.305,0.315,5500000,2012-11-23
0.31,0.315,0.31,0.31,3190000,2012-11-26
0.31,0.31,0.305,0.31,6450000,2012-11-28
0.32,0.33,0.31,0.31,2640000,2012-11-29
0.305,0.305,0.305,0.305,50000,2012-12-03
0.31,0.31,0.305,0.305,3540000,2012-12-04
0.305,0.305,0.305,0.305,4200000,2012-12-05
0.32,0.325,0.31,0.32,8870000,2012-12-06
0.305,0.305,0.305,0.305,510000,2012-12-07
0.305,0.305,0.305,0.305,7490000,2012-12-10
0.32,0.34,0.32,0.32,12320000,2012-12-11
0.32,0.33,0.32,0.33,600000,2012-12-12
0.31,0.31,0.31,0.31,900000,2012-12-13
0.31,0.33,0.31,0.33,4250000,2012-12-14
0.31,0.345,0.305,0.33,12560000,2012-12-17
0.335,0.34,0.315,0.315,8970000,2012-12-18
0.315,0.315,0.31,0.315,2550000,2012-12-19
0.315,0.315,0.315,0.315,150000,2012-12-20
0.32,0.325,0.315,0.315,2060000,2012-12-21
0.32,0.32,0.32,0.32,200000,2012-12-26
0.315,0.315,0.315,0.315,410000,2012-12-28
0.315,0.315,0.315,0.315,90000,2013-01-02
0.32,0.325,0.32,0.32,400000,2013-01-03
0.315,0.315,0.315,0.315,100000,2013-01-04
0.315,0.315,0.315,0.315,1200000,2013-01-07
0.32,0.325,0.315,0.315,2040000,2013-01-08
0.325,0.325,0.315,0.315,4340000,2013-01-09
0.325,0.325,0.315,0.315,1030000,2013-01-10
0.32,0.32,0.32,0.32,50000,2013-01-11
0.32,0.32,0.32,0.32,1920000,2013-01-14
0.32,0.32,0.32,0.32,2300000,2013-01-15
0.32,0.325,0.32,0.32,2810000,2013-01-16
0.325,0.335,0.32,0.33,8760000,2013-01-17
0.33,0.335,0.32,0.32,4240000,2013-01-18
0.315,0.32,0.315,0.315,3440000,2013-01-21
0.325,0.325,0.325,0.325,20000,2013-01-22
0.32,0.32,0.32,0.32,770000,2013-01-23
0.325,0.325,0.31,0.31,900000,2013-01-24
0.315,0.315,0.315,0.315,2030000,2013-01-25
0.32,0.32,0.32,0.32,1500000,2013-01-28
0.32,0.325,0.315,0.32,3940000,2013-01-29
0.32,0.355,0.32,0.33,12730000,2013-01-30
0.33,0.335,0.33,0.33,3470000,2013-01-31
0.33,0.33,0.33,0.33,1400000,2013-02-01
0.34,0.34,0.335,0.34,1410000,2013-02-04
0.345,0.345,0.335,0.335,110000,2013-02-05
0.33,0.33,0.33,0.33,550000,2013-02-06
0.33,0.335,0.33,0.335,220000,2013-02-07
0.34,0.34,0.335,0.335,2380000,2013-02-08
0.33,0.33,0.33,0.33,100000,2013-02-11
0.33,0.33,0.325,0.325,3170000,2013-02-12
0.33,0.33,0.33,0.33,80000,2013-02-13
0.325,0.34,0.325,0.34,590000,2013-02-14
0.34,0.34,0.34,0.34,50000,2013-02-15
0.33,0.335,0.33,0.335,610000,2013-02-18
0.33,0.335,0.33,0.33,260000,2013-02-20
0.325,0.325,0.325,0.325,7570000,2013-02-21
0.325,0.325,0.325,0.325,500000,2013-02-22
0.32,0.325,0.32,0.325,5120000,2013-02-25
0.32,0.32,0.32,0.32,540000,2013-02-26
0.32,0.33,0.32,0.325,4280000,2013-02-27
0.335,0.345,0.33,0.335,11290000,2013-02-28
0.335,0.335,0.325,0.325,4000000,2013-03-01
0.325,0.335,0.325,0.33,1280000,2013-03-04
0.32,0.325,0.32,0.325,1050000,2013-03-05
0.32,0.325,0.32,0.32,1710000,2013-03-06
0.32,0.32,0.315,0.315,9240000,2013-03-07
0.315,0.32,0.315,0.32,1570000,2013-03-08
0.32,0.32,0.315,0.315,8120000,2013-03-11
0.32,0.32,0.32,0.32,630000,2013-03-12
0.32,0.32,0.315,0.32,2250000,2013-03-13
0.315,0.315,0.315,0.315,4620000,2013-03-15
0.31,0.315,0.31,0.315,2070000,2013-03-18
0.31,0.315,0.31,0.315,1280000,2013-03-19
0.31,0.31,0.305,0.305,2000000,2013-03-20
0.305,0.31,0.305,0.31,400000,2013-03-25
0.31,0.31,0.31,0.31,20000,2013-03-27
0.31,0.31,0.31,0.31,50000,2013-04-02
0.305,0.305,0.305,0.305,100000,2013-04-03
0.32,0.32,0.32,0.32,530000,2013-04-05
0.305,0.32,0.305,0.32,180000,2013-04-08
0.33,0.33,0.33,0.33,70000,2013-04-10
0.32,0.33,0.32,0.33,340000,2013-04-11
0.32,0.32,0.32,0.32,1000000,2013-04-15
0.315,0.32,0.31,0.32,2010000,2013-04-16
0.31,0.32,0.31,0.32,220000,2013-04-17
0.325,0.33,0.32,0.33,980000,2013-04-19
0.33,0.335,0.33,0.335,9000000,2013-04-22
0.335,0.42,0.335,0.38,1207330000,2013-04-23
0.395,0.405,0.37,0.375,90790000,2013-04-24
0.375,0.385,0.37,0.375,8900000,2013-04-25
0.37,0.39,0.37,0.375,15790000,2013-04-26
0.375,0.375,0.365,0.375,11960000,2013-04-29
0.37,0.375,0.37,0.37,4150000,2013-04-30
0.365,0.375,0.365,0.375,3410000,2013-05-02
0.375,0.375,0.365,0.365,1230000,2013-05-03
0.37,0.37,0.365,0.365,3240000,2013-05-06
0.365,0.37,0.365,0.37,1500000,2013-05-07
0.365,0.365,0.365,0.365,2710000,2013-05-08
0.375,0.39,0.365,0.365,7230000,2013-05-09
0.37,0.37,0.365,0.365,1000000,2013-05-10
0.365,0.38,0.365,0.37,560000,2013-05-14
0.37,0.37,0.37,0.37,1230000,2013-05-15
0.365,0.365,0.365,0.365,1140000,2013-05-16
0.37,0.385,0.365,0.375,4840000,2013-05-17
0.375,0.375,0.37,0.37,1210000,2013-05-20
0.375,0.38,0.37,0.37,890000,2013-05-21
0.365,0.395,0.365,0.385,6600000,2013-05-22
0.38,0.385,0.375,0.385,6180000,2013-05-23
0.38,0.38,0.375,0.375,1190000,2013-05-24
0.37,0.37,0.36,0.36,2690000,2013-05-27
0.36,0.365,0.34,0.345,7580000,2013-05-28
0.35,0.35,0.35,0.35,200000,2013-05-29
0.35,0.35,0.32,0.335,7720000,2013-05-30
0.335,0.34,0.32,0.335,3220000,2013-05-31
0.325,0.325,0.325,0.325,50000,2013-06-03
0.33,0.33,0.32,0.32,250000,2013-06-04
0.32,0.33,0.32,0.33,810000,2013-06-05
0.33,0.33,0.32,0.33,810000,2013-06-06
0.335,0.34,0.33,0.34,190000,2013-06-07
0.32,0.335,0.32,0.33,930000,2013-06-10
0.33,0.33,0.33,0.33,430000,2013-06-11
0.325,0.325,0.305,0.31,1200000,2013-06-13
0.32,0.32,0.3,0.315,2560000,2013-06-14
0.3,0.315,0.3,0.315,750000,2013-06-17
0.315,0.315,0.315,0.315,80000,2013-06-18
0.32,0.33,0.31,0.315,10340000,2013-06-19
0.31,0.31,0.3,0.305,2690000,2013-06-20
0.3,0.315,0.29,0.315,3310000,2013-06-21
0.31,0.31,0.3,0.3,350000,2013-06-24
0.3,0.3,0.29,0.3,2670000,2013-06-25
0.305,0.305,0.3,0.3,560000,2013-06-26
0.31,0.31,0.3,0.3,1070000,2013-06-27
0.3,0.3,0.3,0.3,210000,2013-06-28
0.3,0.31,0.3,0.31,1430000,2013-07-01
0.31,0.31,0.31,0.31,1100000,2013-07-02
0.305,0.31,0.305,0.31,900000,2013-07-04
0.315,0.32,0.31,0.32,1380000,2013-07-05
0.31,0.31,0.305,0.305,210000,2013-07-08
0.3,0.305,0.3,0.305,1160000,2013-07-09
0.3,0.3,0.3,0.3,1000000,2013-07-10
0.3,0.3,0.3,0.3,410000,2013-07-11
0.305,0.305,0.305,0.305,800000,2013-07-12
0.305,0.305,0.305,0.305,240000,2013-07-15
0.3,0.3,0.3,0.3,920000,2013-07-16
0.305,0.305,0.305,0.305,500000,2013-07-18
0.3,0.305,0.3,0.305,450000,2013-07-23
0.305,0.31,0.305,0.305,420000,2013-07-24
0.315,0.315,0.315,0.315,500000,2013-07-25
0.305,0.305,0.305,0.305,100000,2013-07-29
0.305,0.305,0.305,0.305,200000,2013-07-30
0.31,0.31,0.305,0.305,370000,2013-08-02
0.31,0.31,0.305,0.305,1880000,2013-08-05
0.3,0.305,0.3,0.3,2900000,2013-08-06
0.3,0.3,0.3,0.3,300000,2013-08-08
0.3,0.3,0.3,0.3,1000000,2013-08-13
0.295,0.295,0.295,0.295,380000,2013-08-14
0.305,0.305,0.305,0.305,700000,2013-08-15
0.3,0.3,0.3,0.3,1000000,2013-08-16
0.295,0.295,0.295,0.295,800000,2013-08-22
0.295,0.295,0.295,0.295,130000,2013-08-23
0.3,0.305,0.295,0.3,1050000,2013-08-27
0.29,0.29,0.28,0.28,4210000,2013-08-28
0.3,0.3,0.3,0.3,120000,2013-08-29
0.3,0.3,0.3,0.3,10000,2013-08-30
0.3,0.3,0.28,0.28,70000,2013-09-02
0.3,0.305,0.3,0.3,1000000,2013-09-03
0.29,0.29,0.29,0.29,20000,2013-09-04
0.305,0.305,0.29,0.29,680000,2013-09-05
0.29,0.29,0.29,0.29,300000,2013-09-06
0.3,0.3,0.3,0.3,810000,2013-09-09
0.29,0.29,0.29,0.29,100000,2013-09-13
0.29,0.29,0.29,0.29,110000,2013-09-17
0.29,0.29,0.29,0.29,900000,2013-09-18
0.3,0.3,0.3,0.3,540000,2013-09-19
0.295,0.295,0.29,0.29,290000,2013-09-20
0.29,0.29,0.29,0.29,400000,2013-09-23
0.29,0.29,0.29,0.29,30000,2013-09-26
0.29,0.29,0.29,0.29,900000,2013-09-27
0.29,0.29,0.29,0.29,640000,2013-10-01
0.285,0.285,0.285,0.285,500000,2013-10-02
0.29,0.29,0.29,0.29,300000,2013-10-03
0.29,0.29,0.29,0.29,200000,2013-10-04
0.29,0.29,0.29,0.29,50000,2013-10-07
0.29,0.29,0.29,0.29,570000,2013-10-09
0.285,0.285,0.285,0.285,500000,2013-10-11
0.29,0.29,0.29,0.29,1000000,2013-10-14
0.285,0.285,0.285,0.285,230000,2013-10-16
0.295,0.295,0.295,0.295,10000,2013-10-18
0.29,0.29,0.28,0.28,70000,2013-10-21
0.285,0.29,0.285,0.29,700000,2013-10-22
0.285,0.285,0.285,0.285,50000,2013-10-23
0.28,0.28,0.28,0.28,500000,2013-10-24
0.28,0.28,0.28,0.28,170000,2013-10-25
0.28,0.28,0.28,0.28,50000,2013-10-29
0.28,0.28,0.275,0.28,4200000,2013-10-30
0.285,0.29,0.285,0.29,100000,2013-10-31
0.285,0.285,0.285,0.285,1000000,2013-11-06
0.275,0.275,0.275,0.275,1500000,2013-11-07
0.275,0.28,0.275,0.28,750000,2013-11-08
0.275,0.275,0.275,0.275,1000000,2013-11-13
0.29,0.29,0.28,0.28,500000,2013-11-14
0.28,0.29,0.28,0.29,1050000,2013-11-15
0.29,0.29,0.28,0.28,550000,2013-11-18
0.275,0.29,0.275,0.29,570000,2013-11-19
0.29,0.29,0.28,0.29,1260000,2013-11-20
0.29,0.29,0.28,0.28,330000,2013-11-21
0.29,0.29,0.28,0.28,510000,2013-11-22
0.28,0.285,0.28,0.285,2000000,2013-11-27
0.28,0.285,0.28,0.285,530000,2013-11-28
0.28,0.28,0.27,0.27,7300000,2013-11-29
0.275,0.275,0.27,0.27,800000,2013-12-02
0.275,0.275,0.27,0.27,700000,2013-12-03
0.275,0.275,0.275,0.275,690000,2013-12-04
0.275,0.275,0.275,0.275,510000,2013-12-05
0.275,0.275,0.275,0.275,2000000,2013-12-09
0.275,0.275,0.275,0.275,290000,2013-12-10
0.275,0.275,0.26,0.26,8930000,2013-12-12
0.265,0.265,0.265,0.265,100000,2013-12-13
0.26,0.26,0.26,0.26,30000,2013-12-16
0.26,0.265,0.26,0.265,360000,2013-12-17
0.265,0.265,0.265,0.265,100000,2013-12-23
0.275,0.275,0.265,0.265,140000,2013-12-26
0.265,0.275,0.265,0.27,190000,2013-12-27
0.275,0.275,0.275,0.275,20000,2014-01-02
0.27,0.27,0.27,0.27,1000000,2014-01-03
0.265,0.265,0.265,0.265,350000,2014-01-06
0.27,0.27,0.27,0.27,20000,2014-01-07
0.27,0.27,0.27,0.27,80000,2014-01-09
0.27,0.27,0.27,0.27,50000,2014-01-10
0.27,0.27,0.265,0.265,120000,2014-01-13
0.265,0.265,0.265,0.265,30000,2014-01-14
0.265,0.3,0.265,0.3,560000,2014-01-15
0.275,0.28,0.275,0.28,590000,2014-01-16
0.29,0.29,0.29,0.29,340000,2014-01-17
0.3,0.3,0.3,0.3,50000,2014-01-20
0.3,0.3,0.29,0.29,600000,2014-01-21
0.3,0.3,0.3,0.3,200000,2014-01-22
0.295,0.295,0.295,0.295,90000,2014-01-23
0.29,0.29,0.29,0.29,50000,2014-01-27
0.295,0.295,0.295,0.295,150000,2014-01-28
0.29,0.295,0.29,0.295,1130000,2014-01-29
0.295,0.295,0.29,0.29,110000,2014-01-30
0.295,0.295,0.295,0.295,80000,2014-02-03
0.285,0.29,0.285,0.29,210000,2014-02-05
0.3,0.3,0.295,0.295,550000,2014-02-06
0.285,0.285,0.285,0.285,20000,2014-02-10
0.285,0.285,0.285,0.285,30000,2014-02-11
0.29,0.29,0.29,0.29,60000,2014-02-13
0.3,0.305,0.3,0.3,1040000,2014-02-19
0.29,0.29,0.29,0.29,1280000,2014-02-20
0.29,0.29,0.29,0.29,2320000,2014-02-21
0.29,0.29,0.29,0.29,500000,2014-02-24
0.29,0.3,0.29,0.3,410000,2014-02-25
0.3,0.33,0.3,0.3,3790000,2014-02-26
0.3,0.305,0.3,0.305,1020000,2014-02-27
0.305,0.305,0.305,0.305,760000,2014-02-28
0.31,0.32,0.31,0.31,600000,2014-03-03
0.305,0.31,0.305,0.31,510000,2014-03-04
0.31,0.33,0.305,0.33,32000000,2014-03-05
0.335,0.34,0.33,0.335,3430000,2014-03-06
0.315,0.32,0.315,0.32,210000,2014-03-07
0.315,0.315,0.3,0.305,1270000,2014-03-10
0.305,0.33,0.305,0.315,410000,2014-03-11
0.34,0.34,0.33,0.335,910000,2014-03-12
0.33,0.335,0.33,0.33,1850000,2014-03-13
0.325,0.335,0.32,0.325,2050000,2014-03-14
0.31,0.31,0.31,0.31,1000000,2014-03-17
0.32,0.33,0.32,0.32,800000,2014-03-18
0.32,0.32,0.315,0.315,510000,2014-03-19
0.315,0.325,0.315,0.325,40000,2014-03-20
0.33,0.33,0.315,0.32,480000,2014-03-21
0.315,0.315,0.31,0.31,240000,2014-03-24
0.31,0.33,0.31,0.31,900000,2014-03-25
0.32,0.325,0.32,0.325,900000,2014-03-26
0.325,0.33,0.325,0.325,580000,2014-03-27
0.33,0.33,0.33,0.33,820000,2014-03-28
0.325,0.33,0.325,0.33,380000,2014-03-31
0.33,0.335,0.32,0.335,750000,2014-04-01
0.33,0.33,0.315,0.315,60000,2014-04-02
0.32,0.33,0.32,0.33,370000,2014-04-03
0.325,0.33,0.325,0.33,1080000,2014-04-04
0.33,0.335,0.33,0.335,1400000,2014-04-07
0.33,0.335,0.33,0.335,450000,2014-04-08
0.335,0.335,0.33,0.33,210000,2014-04-10
0.33,0.34,0.33,0.335,2550000,2014-04-11
0.34,0.345,0.335,0.34,2470000,2014-04-14
0.335,0.345,0.335,0.34,4700000,2014-04-15
0.33,0.335,0.33,0.335,790000,2014-04-16
0.33,0.335,0.33,0.335,320000,2014-04-21
0.335,0.335,0.33,0.335,940000,2014-04-22
0.335,0.35,0.335,0.34,1640000,2014-04-23
0.335,0.345,0.33,0.33,8490000,2014-04-24
0.335,0.34,0.325,0.325,12170000,2014-04-25
0.32,0.325,0.32,0.32,230000,2014-04-28
0.335,0.335,0.335,0.335,100000,2014-04-29
0.33,0.33,0.325,0.325,600000,2014-04-30
0.33,0.335,0.33,0.335,350000,2014-05-05
0.34,0.34,0.335,0.335,810000,2014-05-06
0.34,0.34,0.33,0.335,1140000,2014-05-07
0.33,0.335,0.33,0.335,240000,2014-05-08
0.34,0.34,0.34,0.34,2630000,2014-05-09
0.34,0.355,0.34,0.345,8140000,2014-05-12
0.35,0.365,0.345,0.355,21200000,2014-05-13
0.355,0.36,0.35,0.35,6350000,2014-05-14
0.35,0.35,0.35,0.35,2980000,2014-05-15
0.35,0.35,0.34,0.345,1840000,2014-05-16
0.36,0.36,0.34,0.34,4210000,2014-05-19
0.355,0.36,0.345,0.36,7990000,2014-05-20
0.365,0.365,0.35,0.355,7120000,2014-05-21
0.355,0.365,0.355,0.36,23860000,2014-05-22
0.36,0.36,0.35,0.355,12310000,2014-05-23
0.355,0.355,0.35,0.35,2280000,2014-05-26
0.35,0.355,0.345,0.355,9190000,2014-05-27
0.345,0.35,0.345,0.35,380000,2014-05-28
0.35,0.365,0.35,0.365,20650000,2014-05-29
0.54,0.54,0.54,0.54,12450000,2014-06-03
0.81,0.81,0.81,0.81,55417000,2014-06-04
1.21,1.21,1.21,1.21,91305000,2014-06-05
1.21,1.65,1.19,1.4,579574000,2014-06-06
1.47,1.5,1.23,1.27,207198000,2014-06-09
1.28,1.36,1.2,1.21,105952000,2014-06-10
1.22,1.24,1.15,1.17,74532000,2014-06-11
1.09,1.16,1.01,1.12,78606000,2014-06-13
1.12,1.26,1.04,1.24,131262000,2014-06-16
1.27,1.27,1.17,1.18,72978000,2014-06-17
1.17,1.17,1.12,1.15,34147000,2014-06-18
1.16,1.28,1.15,1.25,87715000,2014-06-19
1.26,1.35,1.24,1.3,80327000,2014-06-20
1.3,1.32,1.25,1.26,33573000,2014-06-23
1.26,1.31,1.25,1.29,25379000,2014-06-24
1.29,1.46,1.29,1.46,150209000,2014-06-25
1.46,1.51,1.43,1.44,74729000,2014-06-26
1.43,1.47,1.41,1.45,28196000,2014-06-27
1.45,1.51,1.42,1.46,49288000,2014-06-30
1.46,1.48,1.44,1.44,21670000,2014-07-01
1.45,1.46,1.36,1.38,56006000,2014-07-02
1.39,1.43,1.39,1.4,21182000,2014-07-03
1.41,1.43,1.39,1.4,10866000,2014-07-04
1.4,1.57,1.4,1.57,110477000,2014-07-07
1.61,1.63,1.53,1.54,97747000,2014-07-08
1.56,1.59,1.48,1.57,80935000,2014-07-09
1.59,1.74,1.59,1.7,107932000,2014-07-10
1.68,1.74,1.67,1.67,51643000,2014-07-11
1.68,1.7,1.65,1.69,30709000,2014-07-14
1.7,1.71,1.61,1.64,52245000,2014-07-15
1.63,1.68,1.63,1.68,6077000,2014-07-17
1.67,1.68,1.62,1.63,16572000,2014-07-18
1.63,1.73,1.63,1.72,60532000,2014-07-21
1.71,1.72,1.68,1.7,18772000,2014-07-22
1.7,1.7,1.62,1.63,41244000,2014-07-23
1.64,1.69,1.63,1.66,28786000,2014-07-24
1.68,1.68,1.6,1.61,46605000,2014-07-25
1.62,1.64,1.58,1.62,28919000,2014-07-28
1.62,1.63,1.59,1.6,8500000,2014-07-30
1.59,1.62,1.58,1.61,8773000,2014-07-31
1.6,1.62,1.56,1.6,28135000,2014-08-01
1.62,1.69,1.6,1.69,47293000,2014-08-04
1.69,1.69,1.64,1.66,13139000,2014-08-05
1.65,1.65,1.62,1.63,9923000,2014-08-06
1.65,1.65,1.63,1.64,15417000,2014-08-07
1.64,1.65,1.58,1.58,48436000,2014-08-08
1.61,1.72,1.59,1.63,59666000,2014-08-11
1.64,1.65,1.62,1.64,12195000,2014-08-12
1.63,1.64,1.61,1.62,6507000,2014-08-13
1.62,1.64,1.62,1.63,7043000,2014-08-14
1.64,1.7,1.63,1.65,18335000,2014-08-15
1.65,1.72,1.64,1.64,30778000,2014-08-18
1.64,1.64,1.62,1.62,21099000,2014-08-19
1.62,1.64,1.62,1.62,4697000,2014-08-20
1.63,1.65,1.62,1.65,6461000,2014-08-22
1.65,1.66,1.63,1.63,3453000,2014-08-26
1.62,1.66,1.62,1.63,15382000,2014-08-27
1.63,1.64,1.63,1.64,3585000,2014-08-28
1.64,1.67,1.62,1.67,20761000,2014-08-29
1.67,1.67,1.64,1.66,11119000,2014-09-01
1.66,1.97,1.66,1.86,166870000,2014-09-02
1.9,1.93,1.8,1.84,28844000,2014-09-03
1.86,1.92,1.83,1.9,23841000,2014-09-04
1.91,1.98,1.91,1.96,53741000,2014-09-05
1.97,2.01,1.94,1.96,45286000,2014-09-08
1.96,1.97,1.84,1.86,60288000,2014-09-09
1.86,1.9,1.83,1.85,28842000,2014-09-10
1.88,1.88,1.84,1.86,26497000,2014-09-11
1.87,1.89,1.84,1.86,17522000,2014-09-12
1.83,1.86,1.69,1.86,70944000,2014-09-15
1.86,1.95,1.86,1.88,26184000,2014-09-16
1.9,1.91,1.82,1.88,26863000,2014-09-17
1.89,1.89,1.84,1.84,19717000,2014-09-18
1.71,1.78,1.67,1.67,210896000,2014-09-29
1.68,1.7,1.65,1.65,196794000,2014-09-30
1.64,1.68,1.63,1.66,109177000,2014-10-01
1.66,1.67,1.64,1.65,173381000,2014-10-02
1.66,1.68,1.65,1.65,92139000,2014-10-03
1.66,1.66,1.65,1.65,91357000,2014-10-07
1.65,1.68,1.64,1.67,48503000,2014-10-08
1.67,1.69,1.67,1.67,61523000,2014-10-09
1.67,1.67,1.66,1.66,54171000,2014-10-10
1.66,1.67,1.65,1.66,111235000,2014-10-13
1.64,1.65,1.59,1.61,84047000,2014-10-14
1.6,1.63,1.6,1.61,16859000,2014-10-15
1.61,1.61,1.58,1.58,20343000,2014-10-16
1.59,1.6,1.58,1.58,53869000,2014-10-17
1.6,1.63,1.59,1.63,26244000,2014-10-20
1.61,1.65,1.61,1.65,8529000,2014-10-21
1.65,1.65,1.61,1.63,11134000,2014-10-22
1.63,1.63,1.61,1.62,20820000,2014-10-23
1.63,1.69,1.62,1.69,119573000,2014-10-24
1.74,1.82,1.74,1.75,104184000,2014-10-27
1.77,1.83,1.76,1.79,80023000,2014-10-28
1.8,1.93,1.8,1.93,121115000,2014-10-29
1.94,1.95,1.88,1.93,72646000,2014-10-30
1.93,1.97,1.93,1.94,41069000,2014-10-31
1.96,1.96,1.93,1.93,43875000,2014-11-03
1.93,1.93,1.85,1.9,58310000,2014-11-04
1.9,1.96,1.86,1.91,38681000,2014-11-05
1.91,2.06,1.91,2.01,116149000,2014-11-06
2,2.1,1.97,1.98,45244000,2014-11-07
2.01,2.01,1.93,1.93,35914000,2014-11-10
1.93,2.01,1.93,1.96,46379000,2014-11-11
1.97,2.01,1.96,1.99,29642000,2014-11-12
1.99,2.13,1.97,2.12,151401000,2014-11-13
2.13,2.16,2.08,2.1,57912000,2014-11-14
2.09,2.09,2.05,2.08,26050000,2014-11-17
2.07,2.1,2.06,2.06,55626000,2014-11-18
2.07,2.12,2.07,2.08,38202000,2014-11-19
2.08,2.09,2.03,2.05,89518000,2014-11-20
2.04,2.22,2.02,2.17,143972000,2014-11-21
2.18,2.26,2.17,2.21,69389000,2014-11-24
2.21,2.25,2.17,2.25,56123000,2014-11-25
2.25,2.28,2.23,2.25,50757000,2014-11-26
2.25,2.27,2.19,2.2,25652000,2014-11-27
2.2,2.22,2.1,2.22,88605000,2014-11-28
2.21,2.21,2.18,2.18,29534000,2014-12-01
2.18,2.22,2.17,2.19,66539000,2014-12-02
2.19,2.19,2.09,2.1,60659000,2014-12-03
2.11,2.15,2,2.01,101119000,2014-12-04
2.03,2.06,1.96,2.04,51641000,2014-12-05
2.06,2.11,2.03,2.05,19335000,2014-12-09
2.05,2.11,2.01,2.07,30521000,2014-12-10
2.08,2.08,1.95,1.97,41063000,2014-12-11
2.03,2.09,2.01,2.08,31405000,2014-12-12
2.06,2.1,2,2.1,26000000,2014-12-15
2.09,2.1,2.05,2.1,19188000,2014-12-16
2.07,2.07,2.01,2.05,18191000,2014-12-17
2.07,2.07,2,2.02,16564000,2014-12-18
2.04,2.06,2,2,11309000,2014-12-19
2,2.08,1.99,2.07,13592000,2014-12-22
2.07,2.09,2.04,2.04,19127000,2014-12-23
2.04,2.13,2.02,2.13,63938000,2014-12-29
2.13,2.13,2.07,2.08,6972000,2015-01-05
2.05,2.08,2.02,2.08,23216000,2015-01-06
2.07,2.08,2.03,2.08,28126000,2015-01-07
2.07,2.08,2.05,2.06,12821000,2015-01-08
2.06,2.08,2.02,2.05,15629000,2015-01-09
2.05,2.05,1.98,1.99,30567000,2015-01-12
2.01,2.04,1.96,1.98,32268000,2015-01-13
1.98,1.99,1.95,1.97,54364000,2015-01-14
1.97,1.99,1.96,1.97,45084000,2015-01-19
1.98,1.98,1.93,1.95,31790000,2015-01-20
1.95,2.01,1.95,1.96,28943000,2015-01-21
1.96,1.98,1.89,1.9,31371000,2015-01-22
1.91,1.95,1.88,1.9,41061000,2015-01-23
1.9,1.94,1.87,1.93,13609000,2015-01-26
1.94,2,1.92,1.94,43463000,2015-01-27
1.94,1.98,1.92,1.93,6889000,2015-01-28
1.94,1.94,1.85,1.86,20105000,2015-01-29
1.86,1.94,1.86,1.88,18224000,2015-01-30
1.9,1.91,1.78,1.8,23019000,2015-02-02
1.8,1.8,1.69,1.71,56065000,2015-02-03
1.71,1.75,1.7,1.7,18320000,2015-02-04
1.71,1.76,1.71,1.73,29125000,2015-02-05
1.73,1.74,1.7,1.7,16115000,2015-02-06
1.7,1.7,1.55,1.56,111777000,2015-02-09
1.54,1.58,1.52,1.54,41790000,2015-02-10
1.56,1.67,1.56,1.63,70118000,2015-02-11
1.66,1.78,1.65,1.77,54274000,2015-02-12
1.78,1.83,1.72,1.72,40874000,2015-02-13
1.73,1.75,1.69,1.7,12076000,2015-02-16
1.72,1.78,1.7,1.74,25885000,2015-02-17
1.74,1.75,1.71,1.75,10325000,2015-02-18
1.76,1.78,1.73,1.75,8745000,2015-02-20
1.76,1.79,1.72,1.74,22723000,2015-02-23
1.74,1.76,1.69,1.71,10925000,2015-02-24
1.7,1.7,1.67,1.67,9365000,2015-02-25
1.67,1.7,1.66,1.67,8822000,2015-02-26
1.67,1.68,1.63,1.63,9269000,2015-02-27
1.64,1.67,1.64,1.65,16555000,2015-03-02
1.65,1.69,1.65,1.67,6589000,2015-03-03
1.68,1.7,1.66,1.68,8662000,2015-03-04
1.69,1.69,1.66,1.67,3209000,2015-03-05
1.68,1.72,1.67,1.67,58570000,2015-03-06
1.67,1.69,1.63,1.65,22062000,2015-03-09
1.68,1.68,1.64,1.64,19834000,2015-03-10
1.63,1.66,1.58,1.58,9823000,2015-03-11
1.64,1.64,1.58,1.59,5712000,2015-03-12
1.63,1.63,1.57,1.59,8145000,2015-03-13
1.6,1.6,1.56,1.57,5065000,2015-03-16
1.58,1.58,1.54,1.58,7683000,2015-03-17
1.58,1.58,1.49,1.52,15575000,2015-03-18
1.55,1.56,1.49,1.5,19216000,2015-03-19
1.51,1.56,1.5,1.56,30549000,2015-03-20
1.56,1.6,1.54,1.55,4539000,2015-03-23
1.54,1.55,1.51,1.52,6051000,2015-03-24
1.52,1.52,1.46,1.47,30299000,2015-03-25
1.47,1.52,1.46,1.46,14414000,2015-03-26
1.48,1.55,1.47,1.52,18489000,2015-03-27
1.5,1.5,1.45,1.45,18717000,2015-03-30
1.47,1.48,1.4,1.46,59634000,2015-03-31
1.48,1.56,1.46,1.56,45379000,2015-04-01
1.57,1.63,1.54,1.62,47610000,2015-04-06
1.62,1.7,1.62,1.68,28702000,2015-04-07
1.68,1.72,1.63,1.68,17836000,2015-04-08
1.67,1.72,1.65,1.67,26119000,2015-04-10
1.67,1.7,1.66,1.66,23724000,2015-04-13
1.66,1.68,1.66,1.68,13573000,2015-04-14
1.68,1.68,1.6,1.6,13516000,2015-04-15
1.59,1.61,1.57,1.58,4143000,2015-04-16
1.59,1.61,1.57,1.59,14505000,2015-04-17
1.59,1.59,1.55,1.57,55838000,2015-04-20
1.58,1.59,1.55,1.57,46733000,2015-04-21
1.56,1.56,1.52,1.55,4197000,2015-04-22
1.55,1.57,1.52,1.56,3614000,2015-04-23
1.57,1.58,1.56,1.57,28535000,2015-04-24
1.57,1.57,1.53,1.55,41367000,2015-04-27
1.55,1.56,1.53,1.55,8573000,2015-04-28
1.54,1.64,1.54,1.64,26448000,2015-04-29
1.64,1.67,1.6,1.63,20206000,2015-04-30
1.6,1.68,1.59,1.68,15568000,2015-05-04
1.65,1.7,1.65,1.66,10811000,2015-05-05
1.65,1.68,1.6,1.61,7711000,2015-05-06
1.6,1.61,1.6,1.6,24642000,2015-05-07
1.6,1.64,1.6,1.61,39965000,2015-05-08
1.6,1.67,1.6,1.65,27404000,2015-05-11
1.65,1.71,1.64,1.65,27361000,2015-05-12
1.66,1.76,1.66,1.74,72313000,2015-05-13
1.71,1.75,1.66,1.74,46038000,2015-05-14
1.72,1.74,1.71,1.71,34079000,2015-05-15
1.72,1.77,1.67,1.68,36101000,2015-05-18
1.7,1.7,1.68,1.69,10410000,2015-05-19
1.69,1.69,1.66,1.66,5163000,2015-05-20
1.68,1.68,1.61,1.61,26955000,2015-05-21
1.61,1.65,1.61,1.62,8509000,2015-05-22
1.62,1.64,1.58,1.6,26253000,2015-05-25
1.6,1.6,1.51,1.53,20950000,2015-05-26
1.53,1.55,1.48,1.49,15297000,2015-05-27
1.49,1.54,1.46,1.54,13861000,2015-05-28
1.49,1.58,1.49,1.54,99844000,2015-05-29
1.54,1.54,1.46,1.5,44786000,2015-06-01
1.48,1.49,1.42,1.42,26396000,2015-06-02
1.42,1.43,1.37,1.4,14331000,2015-06-03
1.42,1.46,1.4,1.41,10411000,2015-06-04
1.41,1.42,1.38,1.4,5358000,2015-06-05
1.4,1.42,1.4,1.4,5234000,2015-06-08
1.39,1.4,1.34,1.35,15924000,2015-06-09
1.34,1.38,1.32,1.33,7225000,2015-06-10
1.35,1.36,1.31,1.31,9594000,2015-06-11
1.33,1.33,1.3,1.3,6483000,2015-06-15
1.31,1.33,1.27,1.29,11515000,2015-06-16
1.28,1.37,1.26,1.32,61336000,2015-06-17
1.33,1.33,1.28,1.28,16432000,2015-06-18
1.3,1.33,1.25,1.3,37749000,2015-06-19
1.3,1.3,1.25,1.25,67633000,2015-06-22
1.27,1.27,1.2,1.2,76873000,2015-06-23
1.2,1.22,1.19,1.2,47111000,2015-06-24
1.21,1.26,1.2,1.23,39796000,2015-06-25
1.24,1.27,1.22,1.24,65306000,2015-06-26
1.24,1.24,1.2,1.2,96367000,2015-06-29
1.19,1.22,1.16,1.18,131948000,2015-06-30
1.23,1.29,1.2,1.28,75342000,2015-07-01
1.3,1.34,1.3,1.3,46180000,2015-07-02
1.31,1.32,1.27,1.27,21692000,2015-07-03
1.27,1.27,1.22,1.23,33580000,2015-07-06
1.23,1.31,1.23,1.3,39162000,2015-07-07
1.3,1.3,1.24,1.26,54996000,2015-07-08
1.26,1.32,1.22,1.3,54965000,2015-07-09
1.31,1.31,1.27,1.28,11516000,2015-07-10
1.28,1.31,1.28,1.3,6803000,2015-07-13
1.31,1.38,1.3,1.34,62363000,2015-07-14
1.35,1.48,1.35,1.44,174678000,2015-07-15
1.47,1.53,1.44,1.5,80306000,2015-07-16
1.51,1.54,1.46,1.52,36484000,2015-07-20
1.52,1.55,1.46,1.5,33186000,2015-07-21
1.5,1.58,1.5,1.53,59109000,2015-07-22
1.53,1.55,1.5,1.54,32234000,2015-07-23
1.54,1.6,1.51,1.6,44993000,2015-07-24
1.6,1.6,1.51,1.52,30566000,2015-07-27
1.51,1.53,1.47,1.48,32447000,2015-07-28
1.51,1.56,1.5,1.54,28365000,2015-07-29
1.55,1.58,1.52,1.57,35963000,2015-07-30
1.57,1.57,1.52,1.57,13295000,2015-07-31
1.55,1.56,1.52,1.56,10808000,2015-08-03
1.55,1.55,1.51,1.52,8570000,2015-08-04
1.51,1.57,1.51,1.53,5579000,2015-08-05
1.53,1.56,1.51,1.51,6027000,2015-08-06
1.51,1.53,1.49,1.51,13802000,2015-08-07
1.49,1.54,1.49,1.51,7068000,2015-08-10
1.52,1.52,1.45,1.5,16176000,2015-08-11
1.46,1.48,1.43,1.48,10731000,2015-08-12
1.46,1.46,1.39,1.42,17475000,2015-08-13
1.4,1.42,1.33,1.33,18576000,2015-08-14
1.32,1.33,1.28,1.33,10352000,2015-08-17
1.33,1.33,1.28,1.32,7106000,2015-08-18
1.29,1.35,1.29,1.32,10302000,2015-08-19
1.32,1.33,1.28,1.28,17011000,2015-08-20
1.25,1.25,1.15,1.16,18791000,2015-08-24
1.15,1.18,1.12,1.16,3597000,2015-08-25
1.16,1.21,1.15,1.18,10892000,2015-08-26
1.22,1.25,1.2,1.2,16364000,2015-08-27
1.22,1.27,1.21,1.25,26633000,2015-08-28
1.26,1.29,1.26,1.29,21622000,2015-09-01
1.26,1.26,1.21,1.21,47185000,2015-09-02
1.22,1.23,1.17,1.17,45878000,2015-09-03
1.17,1.19,1.11,1.12,35343000,2015-09-04
1.11,1.11,1.05,1.05,27329000,2015-09-07
1.05,1.09,1.04,1.04,7927000,2015-09-08
1.06,1.16,1.04,1.15,42698000,2015-09-09
1.14,1.14,1.09,1.1,13288000,2015-09-10
1.1,1.12,1.08,1.11,3268000,2015-09-11
1.12,1.16,1.11,1.15,14202000,2015-09-14
1.15,1.15,1.11,1.12,6310000,2015-09-15
1.12,1.17,1.12,1.13,4544000,2015-09-16
1.13,1.15,1.13,1.14,2827000,2015-09-17
1.15,1.2,1.13,1.17,10876000,2015-09-18
1.17,1.17,1.13,1.13,3076000,2015-09-21
1.14,1.14,1.08,1.1,14799000,2015-09-22
1.08,1.1,1.07,1.07,2392000,2015-09-23
1.08,1.08,1.05,1.07,4984000,2015-09-24
1.06,1.07,0.98,1.02,26510000,2015-09-28
1.02,1.02,0.98,1.01,11973000,2015-09-29
1.02,1.02,0.95,0.98,13678000,2015-09-30
0.98,0.99,0.96,0.98,6392000,2015-10-01
0.98,0.98,0.94,0.95,7222000,2015-10-02
1.03,1.04,1.01,1.02,34378000,2015-10-05
1.03,1.11,1.03,1.09,25319000,2015-10-06
1.1,1.12,1.08,1.12,6628000,2015-10-07
1.12,1.12,1.07,1.09,11694000,2015-10-08
1.09,1.09,1.06,1.08,5192000,2015-10-09
1.08,1.09,1.05,1.05,5752000,2015-10-12
1.07,1.1,1.04,1.04,13703000,2015-10-13
1.06,1.08,1.04,1.05,12715000,2015-10-14
1.06,1.12,1.04,1.1,24811000,2015-10-15
1.11,1.21,1.11,1.18,68723000,2015-10-16
1.17,1.19,1.12,1.12,8072000,2015-10-19
1.13,1.15,1.12,1.12,2211000,2015-10-20
1.13,1.25,1.11,1.19,61753000,2015-10-21
1.21,1.26,1.18,1.19,22585000,2015-10-22
1.2,1.21,1.17,1.2,9639000,2015-10-23
1.22,1.22,1.18,1.19,7081000,2015-10-26
1.19,1.19,1.15,1.16,14991000,2015-10-27
1.15,1.18,1.14,1.17,2030000,2015-10-28
1.17,1.17,1.14,1.14,1465000,2015-10-29
1.14,1.14,1.13,1.14,3152000,2015-10-30
1.14,1.15,1.13,1.14,8866000,2015-11-02
1.14,1.17,1.13,1.14,15006000,2015-11-03
1.14,1.14,1.13,1.13,1950000,2015-11-04
1.13,1.13,1.06,1.08,18820000,2015-11-05
1.07,1.09,1.06,1.08,13301000,2015-11-06
1.08,1.1,1.06,1.1,12312000,2015-11-09
1.08,1.08,1.04,1.04,3613000,2015-11-10
1.04,1.04,1,1,8662000,2015-11-11
1.03,1.03,1,1,8669000,2015-11-12
1,1.01,0.99,1,3843000,2015-11-13
1,1,0.95,0.97,5674000,2015-11-16
1,1,0.97,0.97,7141000,2015-11-17
1.01,1.03,1,1,14419000,2015-11-20
1,1.02,0.98,0.99,9021000,2015-11-23
0.99,1,0.97,0.97,6920000,2015-11-24
0.97,1,0.97,0.97,5796000,2015-11-25
0.99,0.99,0.96,0.96,13412000,2015-11-26
0.96,0.98,0.95,0.96,4274000,2015-11-27
0.96,0.99,0.94,0.99,5205000,2015-12-01
0.98,0.98,0.95,0.95,4534000,2015-12-02
0.95,0.96,0.95,0.95,1470000,2015-12-03
0.95,0.95,0.93,0.94,1965000,2015-12-04
0.95,0.95,0.87,0.89,11250000,2015-12-07
0.91,0.91,0.81,0.84,38987000,2015-12-08
0.84,0.84,0.81,0.82,14362000,2015-12-09
0.81,0.82,0.8,0.8,7951000,2015-12-10
0.8,0.82,0.69,0.74,40285000,2015-12-11
0.7,0.75,0.68,0.72,51104000,2015-12-14
0.73,0.76,0.7,0.7,45538000,2015-12-15
0.71,0.71,0.69,0.7,18696000,2015-12-16
0.71,0.74,0.7,0.7,38483000,2015-12-17
0.69,0.7,0.67,0.68,49346000,2015-12-18
0.67,0.67,0.64,0.64,25192000,2015-12-21
0.64,0.64,0.56,0.57,90887000,2015-12-22
0.58,0.63,0.58,0.6,84796000,2015-12-23
0.61,0.66,0.61,0.64,82407000,2015-12-28
0.65,0.68,0.64,0.64,80676000,2015-12-29
0.65,0.65,0.55,0.58,74127000,2016-01-04
0.54,0.58,0.54,0.55,48702000,2016-01-05
0.57,0.58,0.55,0.56,17272000,2016-01-06
0.55,0.56,0.495,0.51,94968000,2016-01-07
0.5,0.5,0.46,0.47,106748000,2016-01-08
0.47,0.47,0.44,0.445,53620000,2016-01-11
0.45,0.465,0.445,0.445,26840000,2016-01-12
0.45,0.47,0.45,0.46,43660000,2016-01-13
0.44,0.45,0.435,0.445,46830000,2016-01-14
0.45,0.475,0.45,0.465,79410000,2016-01-15
0.455,0.5,0.44,0.495,60890000,2016-01-18
0.495,0.52,0.485,0.5,43610000,2016-01-19
0.51,0.55,0.5,0.52,81379000,2016-01-20
0.51,0.53,0.51,0.52,33592000,2016-01-21
0.53,0.59,0.53,0.58,55213000,2016-01-22
0.59,0.65,0.59,0.62,64333000,2016-01-25
0.61,0.63,0.6,0.6,39127000,2016-01-26
0.62,0.69,0.62,0.67,81918000,2016-01-27
0.68,0.77,0.68,0.75,131319000,2016-01-28
0.76,0.81,0.75,0.75,66722000,2016-01-29
0.77,0.77,0.71,0.75,28121000,2016-02-01
0.74,0.8,0.73,0.75,22838000,2016-02-02
0.75,0.76,0.7,0.7,33450000,2016-02-03
0.72,0.73,0.7,0.71,14858000,2016-02-04
0.71,0.72,0.7,0.71,11074000,2016-02-05
0.7,0.7,0.66,0.7,23330000,2016-02-09
0.7,0.83,0.68,0.83,103566000,2016-02-10
0.82,0.87,0.81,0.84,40119000,2016-02-11
0.83,0.87,0.81,0.81,36095000,2016-02-12
0.83,0.92,0.83,0.88,48438000,2016-02-15
0.89,0.93,0.81,0.81,69810000,2016-02-16
0.81,0.86,0.81,0.82,50655000,2016-02-17
0.84,0.85,0.82,0.84,21557000,2016-02-18
0.84,0.84,0.78,0.82,41882000,2016-02-19
0.81,0.83,0.78,0.83,16794000,2016-02-22
0.84,0.87,0.82,0.83,31457000,2016-02-23
0.83,0.88,0.82,0.88,43501000,2016-02-24
0.89,0.89,0.86,0.89,15130000,2016-02-26
0.88,0.89,0.86,0.87,32822000,2016-02-29
0.87,0.89,0.86,0.88,10177000,2016-03-01
0.88,0.95,0.88,0.94,61143000,2016-03-02
0.94,0.97,0.93,0.95,22683000,2016-03-03
0.95,0.95,0.89,0.93,54317000,2016-03-04
0.93,0.97,0.91,0.92,35717000,2016-03-07
0.92,0.92,0.85,0.87,40522000,2016-03-08
0.86,0.89,0.84,0.87,19288000,2016-03-09
0.87,0.92,0.87,0.92,50022000,2016-03-10
0.92,0.98,0.9,0.97,100392000,2016-03-11
0.98,1,0.93,0.97,42162000,2016-03-14
0.96,0.99,0.95,0.97,58634000,2016-03-15
0.96,0.97,0.95,0.96,46261000,2016-03-16
0.96,0.96,0.92,0.93,25606000,2016-03-17
0.93,0.96,0.93,0.96,11888000,2016-03-18
0.95,0.97,0.94,0.97,11450000,2016-03-21
0.97,0.97,0.95,0.96,8041000,2016-03-22
0.95,0.97,0.95,0.95,16718000,2016-03-23
0.95,0.95,0.92,0.95,7094000,2016-03-28
0.95,0.95,0.93,0.95,4925000,2016-03-29
0.95,0.95,0.91,0.92,17369000,2016-03-30
0.91,0.93,0.89,0.9,25211000,2016-03-31
0.89,0.91,0.87,0.9,14826000,2016-04-01
0.87,0.9,0.87,0.9,7634000,2016-04-04
0.88,0.89,0.87,0.89,7113000,2016-04-05
0.87,0.88,0.86,0.88,3773000,2016-04-06
0.88,0.89,0.86,0.89,3554000,2016-04-07
0.87,0.88,0.85,0.88,4955000,2016-04-08
0.88,0.89,0.87,0.89,27714000,2016-04-11
0.89,0.9,0.86,0.88,9900000,2016-04-12
0.88,0.88,0.86,0.87,12982000,2016-04-13
0.87,0.89,0.87,0.88,35573000,2016-04-14
0.88,0.88,0.85,0.87,24649000,2016-04-15
0.86,0.87,0.85,0.86,28283000,2016-04-18
0.87,0.88,0.85,0.88,37281000,2016-04-19
0.86,0.88,0.86,0.87,9538000,2016-04-20
0.86,0.88,0.85,0.86,12948000,2016-04-21
0.87,0.87,0.84,0.86,4512000,2016-04-22
0.85,0.87,0.84,0.87,3709000,2016-04-25
0.87,0.87,0.84,0.87,11907000,2016-04-26
0.87,0.87,0.81,0.85,23159000,2016-04-27
0.84,0.88,0.83,0.87,9848000,2016-04-28
0.87,0.87,0.85,0.87,5743000,2016-04-29
0.86,0.86,0.82,0.84,12375000,2016-05-02
0.83,0.87,0.83,0.87,17343000,2016-05-03
0.85,0.87,0.83,0.87,10041000,2016-05-04
0.86,0.86,0.83,0.85,10070000,2016-05-05
0.85,0.85,0.82,0.85,11776000,2016-05-06
0.84,0.85,0.81,0.85,8058000,2016-05-10
0.85,0.91,0.84,0.91,47526000,2016-05-11
0.92,0.94,0.89,0.93,21331000,2016-05-12
0.93,0.94,0.9,0.93,23295000,2016-05-13
0.93,0.93,0.91,0.93,13120000,2016-05-16
0.93,0.93,0.91,0.92,5582000,2016-05-17
0.91,0.91,0.87,0.89,13107000,2016-05-18
0.88,0.9,0.88,0.89,6611000,2016-05-19
0.9,0.9,0.87,0.88,2462000,2016-05-20
0.88,0.88,0.87,0.88,5924000,2016-05-23
0.88,0.89,0.85,0.88,21968000,2016-05-24
0.88,0.92,0.87,0.92,20923000,2016-05-25
0.92,0.93,0.89,0.9,10264000,2016-05-26
0.9,0.9,0.87,0.89,8251000,2016-05-27
0.87,0.89,0.87,0.89,4706000,2016-05-30
0.89,0.92,0.87,0.92,12394000,2016-05-31
0.92,0.92,0.9,0.92,7629000,2016-06-01
0.92,0.93,0.9,0.93,7788000,2016-06-02
0.93,0.98,0.92,0.97,45670000,2016-06-03
0.97,1.14,0.97,1.1,84658000,2016-06-06
1.09,1.13,1.03,1.06,36389000,2016-06-07
1.06,1.1,1.03,1.05,23556000,2016-06-08
1.04,1.05,0.98,1.03,68669000,2016-06-09
1.03,1.06,1,1.01,26354000,2016-06-10
1,1.01,0.97,1,14194000,2016-06-13
1,1,0.97,0.99,8895000,2016-06-14
0.96,1.06,0.96,1.04,48729000,2016-06-15
1.04,1.08,1.02,1.06,30453000,2016-06-16
1.06,1.16,1.04,1.15,69484000,2016-06-17
1.15,1.18,1.09,1.18,60281000,2016-06-20
1.16,1.19,1.13,1.14,35333000,2016-06-21
1.14,1.17,1.1,1.16,19438000,2016-06-22
1.16,1.19,1.14,1.18,21323000,2016-06-23
1.17,1.2,1.08,1.17,50939000,2016-06-24
1.15,1.24,1.11,1.22,61062000,2016-06-27
1.22,1.23,1.18,1.18,36559000,2016-06-28
1.18,1.23,1.18,1.2,34660000,2016-06-29
1.22,1.22,1.17,1.17,27854000,2016-06-30
1.16,1.17,1.14,1.17,17106000,2016-07-01
1.16,1.19,1.13,1.17,15435000,2016-07-04
1.16,1.17,1.14,1.17,6689000,2016-07-05
1.14,1.18,1.14,1.18,14252000,2016-07-07
1.16,1.19,1.16,1.19,9456000,2016-07-08
1.18,1.21,1.17,1.21,29829000,2016-07-11
1.2,1.21,1.18,1.21,18737000,2016-07-12
1.2,1.22,1.18,1.19,10974000,2016-07-13
1.19,1.19,1.17,1.19,6090000,2016-07-14
1.18,1.2,1.18,1.2,7761000,2016-07-15
1.18,1.19,1.15,1.17,8150000,2016-07-18
1.16,1.18,1.16,1.17,12380000,2016-07-19
1.16,1.17,1.14,1.16,13785000,2016-07-20
1.15,1.15,1.13,1.14,8794000,2016-07-21
1.14,1.15,1.12,1.15,6736000,2016-07-22
1.15,1.16,1.13,1.16,6090000,2016-07-25
1.16,1.16,1.14,1.15,2855000,2016-07-26
1.15,1.15,1.13,1.13,2113000,2016-07-27
1.13,1.13,1.11,1.13,4882000,2016-07-28
1.12,1.13,1.11,1.12,1942000,2016-07-29
1.11,1.14,1.1,1.11,30966000,2016-08-01
1.1,1.12,1.07,1.09,10473000,2016-08-02
1.08,1.09,1.04,1.06,13905000,2016-08-03
1.06,1.09,1.05,1.08,20517000,2016-08-04
1.08,1.08,1.06,1.07,8043000,2016-08-05
1.07,1.07,1.05,1.06,8059000,2016-08-08
1.05,1.07,1.05,1.07,17468000,2016-08-09
1.07,1.07,1.05,1.07,4746000,2016-08-10
1.07,1.07,1.03,1.05,15324000,2016-08-11
1.05,1.05,1.02,1.02,26497000,2016-08-12
1.02,1.02,1,1.01,17608000,2016-08-15
1.01,1.04,0.98,0.99,136638000,2016-08-16
1,1,0.98,0.99,34685000,2016-08-17
0.99,0.99,0.96,0.96,31914000,2016-08-18
0.96,1.02,0.95,1.02,91098000,2016-08-19
1.02,1.02,0.99,1,31538000,2016-08-22
1,1,0.95,0.95,31729000,2016-08-23
0.95,0.95,0.89,0.89,40370000,2016-08-24
0.91,0.92,0.88,0.88,33491000,2016-08-25
0.89,0.9,0.85,0.87,41176000,2016-08-26
0.88,0.95,0.86,0.94,64840000,2016-08-30
0.94,0.95,0.88,0.88,45587000,2016-08-31
0.88,0.9,0.84,0.87,67449000,2016-09-01
0.87,0.9,0.86,0.89,15295000,2016-09-02
0.89,0.89,0.86,0.89,15204000,2016-09-05
0.89,0.95,0.89,0.94,56645000,2016-09-06
0.95,0.95,0.89,0.93,32379000,2016-09-07
0.93,0.95,0.9,0.95,43279000,2016-09-08
0.94,1,0.94,1,58262000,2016-09-09
0.99,0.99,0.96,0.99,18184000,2016-09-13
0.97,0.99,0.95,0.98,20100000,2016-09-14
0.98,1.03,0.97,1.03,46587000,2016-09-15
1.03,1.04,1.01,1.03,26267000,2016-09-16
1.02,1.04,1.01,1.04,16483000,2016-09-19
1.04,1.06,1.03,1.06,33436000,2016-09-20
1.06,1.06,1.03,1.06,8433000,2016-09-21
1.05,1.06,1.04,1.05,10667000,2016-09-22
1.04,1.05,1.03,1.04,9944000,2016-09-23
1.03,1.04,1,1.04,22064000,2016-09-26
1.01,1.02,1,1.01,12842000,2016-09-27
1,1.03,0.99,1.02,18393000,2016-09-28
1.02,1.02,1.01,1.02,17504000,2016-09-29
1.02,1.02,1.01,1.02,8708000,2016-09-30
1,1.03,1,1.03,4346000,2016-10-03
1.02,1.03,1.01,1.03,8440000,2016-10-04
1.01,1.02,1,1,14595000,2016-10-05
1.01,1.02,0.99,1.02,4098000,2016-10-06
1.01,1.03,1.01,1.03,6699000,2016-10-07
1.03,1.04,1.02,1.04,2388000,2016-10-10
1.04,1.08,1.04,1.08,40906000,2016-10-11
1.08,1.08,1.04,1.07,18027000,2016-10-12
1.04,1.06,1.03,1.06,14119000,2016-10-13
1.05,1.07,1.04,1.05,4668000,2016-10-14
1.06,1.07,1.04,1.06,8780000,2016-10-17
1.06,1.06,1.04,1.05,12388000,2016-10-18
1.05,1.06,1.04,1.05,4052000,2016-10-19
1.05,1.08,1.05,1.08,15157000,2016-10-20
1.08,1.15,1.07,1.14,71056000,2016-10-21
1.15,1.15,1.12,1.15,9784000,2016-10-24
1.15,1.16,1.13,1.14,28062000,2016-10-25
1.13,1.14,1.1,1.13,13023000,2016-10-26
1.12,1.13,1.11,1.13,7156000,2016-10-27
1.13,1.13,1.1,1.13,7981000,2016-10-28
1.12,1.13,1.1,1.13,11477000,2016-11-02
1.13,1.13,1.1,1.13,12883000,2016-11-03
1.12,1.18,1.12,1.18,28978000,2016-11-04
1.18,1.2,1.16,1.19,13144000,2016-11-07
1.19,1.19,1.16,1.17,26767000,2016-11-08
1.17,1.18,1.05,1.14,23691000,2016-11-09
1.14,1.17,1.14,1.17,8801000,2016-11-10
1.15,1.15,1.12,1.12,16842000,2016-11-11
1.11,1.14,1.08,1.14,8970000,2016-11-14
1.12,1.14,1.12,1.14,6164000,2016-11-15
1.15,1.15,1.12,1.15,13196000,2016-11-16
1.15,1.15,1.13,1.14,12629000,2016-11-17
1.14,1.15,1.13,1.15,5167000,2016-11-18
1.15,1.16,1.14,1.16,6686000,2016-11-21
1.15,1.16,1.13,1.15,11568000,2016-11-22
1.14,1.14,1.13,1.14,7765000,2016-11-23
1.15,1.15,1.13,1.15,6508000,2016-11-24
1.14,1.15,1.14,1.15,4038000,2016-11-25
1.15,1.15,1.13,1.15,5867000,2016-11-28
1.14,1.15,1.13,1.15,9061000,2016-11-29
1.14,1.18,1.14,1.18,17653000,2016-12-01
1.18,1.18,1.17,1.18,7485000,2016-12-02
1.18,1.18,1.16,1.18,6358000,2016-12-05
1.17,1.18,1.16,1.17,3779000,2016-12-06
1.18,1.18,1.17,1.17,3632000,2016-12-07
1.17,1.18,1.17,1.18,2375000,2016-12-08
1.18,1.2,1.17,1.18,14670000,2016-12-09
1.19,1.2,1.17,1.18,12307000,2016-12-12
1.18,1.18,1.16,1.18,6531000,2016-12-13
1.17,1.17,1.16,1.17,7094000,2016-12-14
1.16,1.17,1.15,1.15,5253000,2016-12-15
1.16,1.16,1.14,1.16,6299000,2016-12-16
1.16,1.17,1.14,1.17,4917000,2016-12-19
1.16,1.17,1.15,1.17,4941000,2016-12-20
1.17,1.17,1.16,1.17,2884000,2016-12-21
1.17,1.17,1.13,1.16,9564000,2016-12-22
1.16,1.17,1.15,1.17,2075000,2016-12-23
1.17,1.17,1.15,1.17,3159000,2016-12-27
1.16,1.17,1.16,1.17,2631000,2016-12-28
1.16,1.17,1.15,1.17,4812000,2016-12-29
1.16,1.17,1.16,1.17,3812000,2017-01-03
1.16,1.2,1.16,1.2,12110000,2017-01-04
1.2,1.34,1.19,1.33,89586000,2017-01-05
1.33,1.35,1.28,1.35,46913000,2017-01-06
1.35,1.37,1.29,1.32,18380000,2017-01-09
1.32,1.38,1.32,1.38,21928000,2017-01-10
1.38,1.39,1.35,1.39,10759000,2017-01-11
1.38,1.39,1.36,1.39,8592000,2017-01-12
1.38,1.43,1.37,1.42,52814000,2017-01-13
1.42,1.43,1.39,1.43,19514000,2017-01-16
1.43,1.43,1.41,1.42,5019000,2017-01-17
1.42,1.42,1.39,1.41,12610000,2017-01-18
1.41,1.42,1.39,1.42,12766000,2017-01-19
1.42,1.43,1.4,1.43,14057000,2017-01-20
1.42,1.46,1.42,1.46,30535000,2017-01-23
1.46,1.46,1.45,1.45,9862000,2017-01-24
1.45,1.46,1.45,1.46,13086000,2017-01-25
1.45,1.46,1.44,1.45,12451000,2017-01-26
1.45,1.45,1.44,1.44,6327000,2017-01-27
1.44,1.44,1.41,1.42,10914000,2017-01-30
1.41,1.43,1.39,1.43,13499000,2017-01-31
1.43,1.43,1.4,1.41,6137000,2017-02-01
1.4,1.4,1.39,1.4,6793000,2017-02-02
1.39,1.42,1.39,1.41,9972000,2017-02-03
1.39,1.42,1.39,1.4,4462000,2017-02-06
1.41,1.41,1.39,1.41,3633000,2017-02-07
1.39,1.41,1.39,1.41,4180000,2017-02-08
1.4,1.41,1.39,1.4,5315000,2017-02-09
1.39,1.4,1.39,1.39,2209000,2017-02-10
1.39,1.39,1.37,1.37,8473000,2017-02-13
1.36,1.36,1.33,1.35,11525000,2017-02-14
1.34,1.34,1.32,1.32,8362000,2017-02-15
1.32,1.38,1.32,1.35,24438000,2017-02-16
1.35,1.37,1.24,1.28,22766000,2017-02-17
1.28,1.31,1.25,1.3,11342000,2017-02-20
1.3,1.33,1.3,1.33,3191000,2017-02-21
1.33,1.34,1.3,1.32,8857000,2017-02-22
1.33,1.37,1.31,1.37,10316000,2017-02-23
1.37,1.42,1.37,1.42,25098000,2017-02-24
1.43,1.43,1.38,1.43,13525000,2017-02-27
1.43,1.43,1.39,1.43,14550000,2017-02-28
1.42,1.42,1.4,1.42,4841000,2017-03-01
1.42,1.42,1.4,1.41,2264000,2017-03-02
1.41,1.42,1.39,1.42,4282000,2017-03-03
1.42,1.42,1.4,1.42,9204000,2017-03-06
1.42,1.42,1.4,1.42,6369000,2017-03-07
1.42,1.49,1.42,1.48,17839000,2017-03-08
1.48,1.52,1.46,1.52,44264000,2017-03-09
1.52,1.53,1.48,1.52,14805000,2017-03-10
1.52,1.54,1.51,1.54,20114000,2017-03-13
1.54,1.54,1.5,1.52,19285000,2017-03-14
1.51,1.52,1.48,1.52,9391000,2017-03-15
1.5,1.51,1.48,1.51,6849000,2017-03-16
1.49,1.52,1.49,1.52,7872000,2017-03-17
1.52,1.52,1.5,1.52,9160000,2017-03-20
1.52,1.53,1.51,1.53,14650000,2017-03-21
1.53,1.53,1.51,1.53,5387000,2017-03-22
1.53,1.53,1.51,1.52,4626000,2017-03-23
1.52,1.54,1.51,1.53,16819000,2017-03-24
1.53,1.54,1.5,1.52,33529000,2017-03-27
1.52,1.53,1.5,1.52,10528000,2017-03-28
1.52,1.59,1.52,1.58,51253000,2017-03-29
1.59,1.6,1.57,1.58,12430000,2017-03-30
1.58,1.6,1.56,1.57,21338000,2017-03-31
1.58,1.58,1.56,1.58,5900000,2017-04-03
1.58,1.65,1.58,1.65,58038000,2017-04-04
1.66,1.66,1.58,1.58,38372000,2017-04-05
1.59,1.6,1.55,1.6,38884000,2017-04-06
1.59,1.61,1.58,1.61,14385000,2017-04-07
1.62,1.62,1.6,1.62,4710000,2017-04-10
1.62,1.62,1.6,1.62,8118000,2017-04-11
1.62,1.62,1.61,1.62,1085000,2017-04-12
1.61,1.62,1.59,1.6,14666000,2017-04-17
1.6,1.6,1.59,1.59,5164000,2017-04-18
1.59,1.6,1.59,1.59,1688000,2017-04-19
1.58,1.6,1.57,1.57,9227000,2017-04-20
1.56,1.58,1.54,1.54,10481000,2017-04-21
1.54,1.54,1.47,1.47,10107000,2017-04-24
1.47,1.56,1.47,1.53,21940000,2017-04-25
1.53,1.57,1.53,1.56,12666000,2017-04-26
1.57,1.57,1.53,1.56,5188000,2017-04-27
1.56,1.56,1.49,1.5,10391000,2017-05-02
1.5,1.54,1.5,1.5,4224000,2017-05-03
1.5,1.56,1.5,1.55,7706000,2017-05-04
1.56,1.58,1.55,1.55,6675000,2017-05-05
1.56,1.58,1.56,1.58,8276000,2017-05-08
1.58,1.58,1.56,1.56,6485000,2017-05-09
1.57,1.57,1.51,1.51,5399000,2017-05-10
1.51,1.57,1.51,1.57,6786000,2017-05-11
1.56,1.56,1.53,1.56,5170000,2017-05-12
1.56,1.56,1.53,1.56,6189000,2017-05-15
1.55,1.55,1.53,1.55,2000000,2017-05-16
1.55,1.55,1.49,1.49,10342000,2017-05-17
1.49,1.53,1.48,1.52,5537000,2017-05-18
1.5,1.53,1.5,1.53,8319000,2017-05-19
1.52,1.55,1.51,1.55,5855000,2017-05-22
1.53,1.57,1.53,1.57,9885000,2017-05-23
1.57,1.57,1.54,1.57,11424000,2017-05-24
1.57,1.62,1.57,1.62,46247000,2017-05-25
1.62,1.63,1.6,1.62,11046000,2017-05-26
1.6,1.61,1.59,1.61,10944000,2017-05-29
1.6,1.61,1.59,1.6,10988000,2017-05-30
1.6,1.61,1.59,1.61,9529000,2017-05-31
1.61,1.61,1.58,1.61,12636000,2017-06-01
1.61,1.61,1.56,1.61,11655000,2017-06-02
1.6,1.61,1.59,1.61,8882000,2017-06-05
1.61,1.61,1.58,1.6,4846000,2017-06-06
1.58,1.59,1.58,1.59,4251000,2017-06-07
1.6,1.6,1.58,1.58,4038000,2017-06-08
1.58,1.59,1.58,1.59,2158000,2017-06-09
1.59,1.59,1.56,1.58,170665000,2017-06-13
1.57,1.58,1.56,1.58,3713000,2017-06-14
1.58,1.59,1.57,1.58,2543000,2017-06-15
1.58,1.59,1.58,1.59,2647000,2017-06-16
1.57,1.58,1.57,1.58,5360000,2017-06-19
1.58,1.59,1.55,1.56,13316000,2017-06-20
1.56,1.57,1.56,1.57,1721000,2017-06-21
1.56,1.57,1.55,1.55,6347000,2017-06-22
1.55,1.56,1.55,1.56,845000,2017-06-23
1.56,1.56,1.54,1.56,54804000,2017-06-27
1.56,1.56,1.55,1.55,4675000,2017-06-28
1.54,1.56,1.54,1.54,5062000,2017-06-29
1.54,1.55,1.52,1.55,106032000,2017-06-30
1.55,1.56,1.53,1.56,26724000,2017-07-03
1.55,1.56,1.55,1.56,4051000,2017-07-04
1.56,1.56,1.54,1.56,2671000,2017-07-05
1.55,1.56,1.54,1.56,3711000,2017-07-06
1.56,1.57,1.54,1.57,3001000,2017-07-07
1.57,1.59,1.56,1.59,4872000,2017-07-10
1.59,1.59,1.55,1.59,5496000,2017-07-11
1.59,1.6,1.57,1.6,4721000,2017-07-12
1.6,1.6,1.58,1.6,2093000,2017-07-13
1.59,1.6,1.58,1.6,2875000,2017-07-14
1.6,1.6,1.58,1.6,1254000,2017-07-17
1.6,1.6,1.58,1.59,1045000,2017-07-18
1.59,1.6,1.58,1.6,2210000,2017-07-19
1.58,1.59,1.57,1.57,2897000,2017-07-20
1.57,1.6,1.57,1.6,5309000,2017-07-21
1.57,1.6,1.57,1.59,1700000,2017-07-24
1.59,1.6,1.57,1.6,4579000,2017-07-25
1.58,1.6,1.57,1.6,2743000,2017-07-26
1.6,1.63,1.59,1.63,48972000,2017-07-27
1.64,1.65,1.6,1.62,23457000,2017-07-28
1.61,1.62,1.58,1.6,14751000,2017-07-31
1.59,1.59,1.57,1.58,7741000,2017-08-01
1.57,1.58,1.57,1.58,6471000,2017-08-02
1.58,1.59,1.57,1.57,2482000,2017-08-03
1.57,1.6,1.57,1.6,7706000,2017-08-04
1.59,1.6,1.58,1.6,6366000,2017-08-07
1.6,1.6,1.59,1.59,2394000,2017-08-08
1.59,1.6,1.58,1.59,3587000,2017-08-09
1.59,1.6,1.58,1.59,3119000,2017-08-10
1.59,1.6,1.57,1.59,3621000,2017-08-11
1.59,1.59,1.57,1.58,5766000,2017-08-14
1.58,1.6,1.56,1.58,10775000,2017-08-15
1.59,1.6,1.57,1.6,5446000,2017-08-16
1.58,1.6,1.58,1.6,1863000,2017-08-17
1.59,1.6,1.58,1.6,2574000,2017-08-18
1.59,1.6,1.58,1.6,3405000,2017-08-22
1.59,1.6,1.59,1.6,795000,2017-08-23
1.6,1.6,1.58,1.6,2289000,2017-08-24
1.6,1.61,1.58,1.61,8838000,2017-08-25
1.61,1.61,1.59,1.61,1626000,2017-08-29
1.59,1.62,1.59,1.62,2068000,2017-08-30
1.6,1.62,1.59,1.62,3846000,2017-08-31
1.62,1.64,1.59,1.64,8496000,2017-09-04
1.64,1.68,1.64,1.68,22518000,2017-09-05
1.68,1.68,1.65,1.68,9170000,2017-09-06
1.66,1.69,1.66,1.69,13686000,2017-09-07
1.7,1.7,1.65,1.66,13506000,2017-09-08
1.66,1.68,1.64,1.64,5042000,2017-09-11
1.62,1.65,1.61,1.65,6313000,2017-09-13
1.65,1.65,1.62,1.65,2985000,2017-09-14
1.64,1.64,1.62,1.62,2641000,2017-09-15
1.62,1.65,1.62,1.64,6270000,2017-09-18
1.64,1.64,1.59,1.63,6295000,2017-09-19
1.61,1.63,1.61,1.61,2121000,2017-09-20
1.61,1.62,1.59,1.61,4031000,2017-09-21
1.6,1.62,1.6,1.61,1475000,2017-09-22
1.61,1.61,1.59,1.59,2397000,2017-09-25
1.59,1.6,1.58,1.6,9081000,2017-09-26
1.6,1.6,1.58,1.59,27874000,2017-09-27